formula,spacegroup,ref_gap,mp_pbe_gap,c_lo,gap_lo,c_hi,gap_hi,dGap_dc,c_star,fit_r2,n_species,natoms,volume_per_atom,density,mean_electroneg,electroneg_spread,mean_Z,max_Z,mean_row,valence_e_per_atom,grad_ratio,c_selfconsistent,pbe_gap,band_center,qc,qc_pass
Si,Fd-3m,1.12,0.6102999999999996,1.2,1.5009,1.7,3.6337,4.2656,1.1107,1.0000,1,2,20.075860405879812,2.323042151724428 g cm^-3,1.9,0.0,14.0,14.0,3.0,14.0,2.090841909865288,1.0640607696787505,0.6102999999999996,-3.4669,clean,1
Ge,Fd-3m,0.67,0.0,1.2,0.7536,1.7,2.4076,3.3081,1.1747,1.0000,1,2,22.84410461645538,5.280205104249795 g cm^-3,2.01,0.0,32.0,32.0,4.0,32.0,2.5740462386589105,1.1819451401491419,0.0,-3.4398,clean,1
C,Fd-3m,5.47,4.1144,1.2,4.8045,1.7,6.3546,3.1004,1.4147,1.0000,1,2,5.615621666156983,3.5515634337349042 g cm^-3,2.55,0.0,6.0,6.0,2.0,6.0,2.346636575988244,1.127984950051444,4.1144,-6.8333,clean,1
SiC,F-43m,2.36,1.3709999999999996,1.2,2.3119,1.7,4.0377,3.4517,1.2139,1.0000,2,2,10.347494017192611,3.2172672152107777 g cm^-3,2.2249999999999996,0.6499999999999999,10.0,14.0,2.5,10.0,2.262327152195816,1.10731907278854,1.3709999999999996,-3.6776,clean,1
BN,F-43m,6.4,4.451300000000001,1.2,5.4736,1.7,7.3363,3.7255,1.4487,1.0000,2,2,5.864439774394859,3.5136144268282887 g cm^-3,2.54,1.0,6.0,7.0,2.0,6.0,2.4796327495019774,1.1598442190638605,4.451300000000001,-5.0906,clean,1
BP,F-43m,2.1,1.2435999999999998,1.2,2.1465,1.7,4.0940,3.8950,1.1881,1.0000,2,2,11.551345408522451,3.003339751159701 g cm^-3,2.115,0.1499999999999999,10.0,15.0,2.5,10.0,2.1308068941563025,1.0742961659928714,1.2435999999999998,-4.849,clean,1
BAs,F-43m,1.46,1.2014999999999993,1.2,1.7523,1.7,3.1173,2.7299,1.0929,1.0000,2,2,13.634323494365058,5.220733234033511 g cm^-3,2.1100000000000003,0.14000000000000012,19.0,33.0,3.0,19.0,2.0588273037850797,1.0557907630698553,1.2014999999999993,-4.7515,clean,1
AlP,F-43m,2.45,1.6292999999999997,1.2,2.5320,1.7,4.6067,4.1494,1.1802,1.0000,2,2,20.491728962209628,2.348192310671406 g cm^-3,1.9,0.5799999999999998,14.0,15.0,3.0,14.0,2.0406622314102227,1.051069757534397,1.6292999999999997,-2.6599,clean,1
AlAs,F-43m,2.16,1.5007000000000001,1.2,2.2399,1.7,3.9673,3.4548,1.1769,1.0000,2,2,22.930514411108913,3.689715364005898 g cm^-3,1.895,0.5700000000000001,23.0,33.0,3.5,23.0,2.2335836417221433,1.100185708778682,1.5007000000000001,-2.7218,clean,1
AlSb,F-43m,1.62,1.2262000000000004,1.2,1.8530,1.7,3.2215,2.7371,1.1149,1.0000,2,2,29.34435024519385,4.2084955640131305 g cm^-3,1.83,0.4399999999999997,32.0,51.0,4.0,32.0,1.9150948011241224,1.0178437525918604,1.2262000000000004,-2.726,clean,1
GaN,P6_3mc,3.4,1.7375999999999996,1.2,2.6974,1.7,4.0707,2.7466,1.4558,1.0000,2,4,11.3412075821295,6.129701659979298 g cm^-3,2.425,1.23,19.0,31.0,3.0,19.0,3.193327971676552,1.3178356237298858,1.7375999999999996,-3.4099,clean,1
GaP,F-43m,2.26,1.5917000000000003,1.2,2.3219,1.7,4.0542,3.4645,1.1821,1.0000,2,2,20.0856518168393,4.1624466237370745 g cm^-3,2.0,0.3799999999999999,23.0,31.0,3.5,23.0,2.4808703686137457,1.160136624437429,1.5917000000000003,-3.3319,clean,1
GaAs,F-43m,1.42,0.1839000000000004,1.2,1.4422,1.7,3.4277,3.9709,1.1944,1.0000,2,2,22.697150577217347,5.291148954041463 g cm^-3,1.995,0.3700000000000001,32.0,33.0,4.0,32.0,2.388061762980591,1.138003011205888,0.1839000000000004,-3.1492,clean,1
GaSb,F-43m,0.73,0.0,1.2,0.9153,1.7,2.5822,3.3338,1.1444,1.0000,2,2,28.477938408943473,5.582654852394636 g cm^-3,1.93,0.23999999999999977,41.0,51.0,4.5,41.0,2.3347224030642018,1.1250873430624706,0.0,-2.8903,clean,1
InN,P6_3mc,0.7,0.0,1.2,0.5601,1.7,2.0778,3.0355,1.2461,1.0000,2,4,15.496807895026357,6.902016484365188 g cm^-3,2.41,1.26,28.0,49.0,3.5,28.0,2.914732759001348,1.258502638007743,0.0,-2.5848,clean,1
InP,F-43m,1.34,0.46640000000000015,1.2,1.5340,1.7,3.9192,4.7705,1.1593,1.0000,2,2,25.401890499959684,4.765253916629425 g cm^-3,1.9849999999999999,0.4099999999999999,32.0,49.0,4.0,32.0,2.3975448508804367,1.140284102639593,0.46640000000000015,-2.8282,clean,1
InAs,F-43m,0.35,0.0,1.2,0.4928,1.7,2.8268,4.6679,1.1694,1.0000,2,2,28.25108334458342,5.57624665996155 g cm^-3,1.98,0.40000000000000013,41.0,49.0,4.5,41.0,2.3187531659987934,1.121191896145899,0.0,-2.505,clean,1
InSb,F-43m,0.17,0.0,1.2,0.3716,1.7,2.4866,4.2301,1.1523,1.0000,2,2,34.66944547990599,5.665608518685198 g cm^-3,1.915,0.2699999999999998,50.0,51.0,5.0,50.0,2.2334620658652264,1.1001554397598539,0.0,-2.4302,clean,1
ZnO,P6_3mc,3.37,0.7316,1.2,2.0537,1.7,3.6608,3.2142,1.6095,1.0000,2,4,11.849286226905404,5.704218210310881 g cm^-3,2.545,1.79,19.0,30.0,3.0,19.0,3.4229913996419565,1.3648261441151823,0.7316,-3.401,clean,1
ZnSe,F-43m,2.7,1.1687,1.2,2.5135,1.7,4.8900,4.7530,1.2392,1.0000,2,2,22.44478504826962,5.340446878649376 g cm^-3,2.0999999999999996,0.8999999999999999,32.0,34.0,4.0,32.0,2.794315463495301,1.231981486829313,1.1687,-2.9758,clean,1
ZnTe,F-43m,2.26,1.0782000000000003,1.2,2.3841,1.7,4.0523,3.3364,1.1628,1.0000,2,2,27.973225319973114,5.72867413462974 g cm^-3,1.875,0.4500000000000002,41.0,52.0,4.5,41.0,2.3959621251002226,1.1399037029072085,1.0782000000000003,-2.9029,clean,1
CdS,P6_3mc,2.42,1.1162,1.2,2.3175,1.7,4.9222,5.2093,1.2197,1.0000,2,4,24.856228137586523,4.82591406986893 g cm^-3,2.135,0.8900000000000001,32.0,48.0,4.0,32.0,3.0785443586916825,1.2937165473221324,1.1162,-2.5898,clean,1
CdSe,P6_3mc,1.74,0.5589,1.2,1.6691,1.7,4.2165,5.0948,1.2139,1.0000,2,4,28.293071968299394,5.615845145241915 g cm^-3,2.12,0.8599999999999999,41.0,48.0,4.5,41.0,2.704425792721251,1.2118092592730192,0.5589,-2.4672,clean,1
CdTe,F-43m,1.5,0.5867,1.2,1.6398,1.7,3.9746,4.6697,1.1701,1.0000,2,2,34.257543063916295,5.816932655826179 g cm^-3,1.895,0.41000000000000014,50.0,52.0,5.0,50.0,2.46671358855618,1.1567875134096945,0.5867,-2.4818,clean,1
MgO,Fm-3m,7.8,4.4292,1.2,6.0688,1.7,7.9467,3.7559,1.6609,1.0000,2,2,9.313946423735763,3.5928395822266843 g cm^-3,2.375,2.13,10.0,12.0,2.5,10.0,2.6266403730131005,1.1940810886184081,4.4292,-2.167,clean,1
CaO,Fm-3m,7.0,3.6363,1.2,4.5733,1.7,6.3431,3.5397,1.8856,1.0000,2,2,13.606434698284318,3.4218630933897956 g cm^-3,2.2199999999999998,2.44,14.0,20.0,3.0,14.0,3.1087133767552975,1.3000988083787046,3.6363,-1.5713,clean,1
TiO2,P4_2/mnm,3.0,1.7719,1.2,2.2020,1.7,3.1153,1.8266,1.6369,1.0000,2,6,10.368660668066383,4.263497643873105 g cm^-3,2.806666666666666,1.9,12.666666666666666,22.0,2.6666666666666665,12.666666666666666,3.2132526160211925,1.3219779009317163,1.7719,-3.1997,clean,1
SnO2,P4_2/mnm,3.6,0.6607000000000003,1.2,2.2321,1.7,4.4060,4.3479,1.5146,1.0000,2,6,12.202563638959248,6.836209654650091 g cm^-3,2.9466666666666663,1.48,21.999999999999996,50.0,3.0,22.0,3.12199308675567,1.3028983143242616,0.6607000000000003,-3.1085,clean,1
SrTiO3,Pm-3m,3.25,1.7658999999999998,1.2,2.3028,1.7,3.3659,2.1263,1.6455,1.0000,3,5,11.8435364135572,5.145158204506292 g cm^-3,2.5620000000000003,2.49,16.8,38.0,3.0,16.8,3.031432638411907,1.2836871784402557,1.7658999999999998,-2.709,clean,1
FeS2,Pa-3,0.95,0.4571999999999994,1.2,1.1022,1.7,2.5440,2.8835,1.1472,1.0000,2,12,12.605913110398866,5.26798211734967 g cm^-3,2.33,0.75,19.333333333333332,26.0,3.333333333333333,19.333333333333332,2.2154254965879874,1.095655669781683,0.4571999999999994,-4.5832,clean,1
CsPbCl3,Pm-3m,3.0,2.1878,1.2,2.7252,1.7,3.9282,2.4060,1.3142,1.0000,3,5,35.49565069211293,4.177253549505083 g cm^-3,2.52,2.37,37.6,82.0,4.2,37.6,5.1174114737031475,1.6714544475973259,2.1878,-3.3509,clean,1
CsPbBr3,Pm-3m,2.3,1.7819000000000003,1.2,2.1258,1.7,3.0076,1.7635,1.2988,1.0000,3,5,40.552086788769785,4.748507939389447 g cm^-3,2.4000000000000004,2.17,48.400000000000006,82.0,4.800000000000001,48.4,2.6582969503681606,1.20132723640861,1.7819000000000003,-2.9816,clean,1
CsPbI3,Pm-3m,1.73,1.4788,1.2,1.6892,1.7,2.3508,1.3232,1.2308,1.0000,3,5,48.79902911491807,4.905621697138184 g cm^-3,2.22,1.87,59.2,82.0,5.4,59.2,2.5563116133250334,1.1778250184970174,1.4788,-2.4301,clean,1
NaCl,Fm-3m,8.5,5.0037,1.2,7.0030,1.7,10.8798,7.7536,1.3931,1.0000,2,2,21.920029623887157,2.2136489597617786 g cm^-3,2.045,2.23,14.0,17.0,3.0,14.0,2.9960250727172024,1.2760980472699022,5.0037,-1.1892,clean,1
KCl,Fm-3m,8.5,5.0448,1.2,7.0222,1.7,10.8679,7.6914,1.3921,1.0000,2,2,30.536580543008167,2.027000795676212 g cm^-3,1.99,2.3400000000000003,18.0,19.0,3.5,18.0,2.9628574675552604,1.2689482358609137,5.0448,-0.8511,clean,1
AgCl,Fm-3m,3.25,0.9522000000000002,1.2,2.2194,1.7,4.2100,3.9811,1.4589,1.0000,2,2,20.188717746752676,5.894144805463742 g cm^-3,2.545,1.2300000000000002,32.0,47.0,4.0,32.0,2.6633625345045524,1.2024827292082487,0.9522000000000002,-3.7073,clean,1
CuInSe2,I-42d,1.04,0.0,1.2,0.3405,1.7,1.2948,1.9085,1.5665,1.0000,3,8,24.148970985640304,5.7809162945758965 g cm^-3,2.195,0.7699999999999998,36.5,49.0,4.25,36.5,3.2139073341483004,1.3221137967252954,0.0,-3.5913,clean,1
CuGaSe2,I-42d,1.68,0.03980000000000006,1.2,0.9188,1.7,1.9938,2.1501,1.5541,1.0000,3,8,21.530992239835538,5.614357026351804 g cm^-3,2.2024999999999997,0.7399999999999998,32.0,34.0,4.0,32.0,3.5060739398645335,1.3814350661211534,0.03980000000000006,-3.8648,clean,1
Ga2O3,C2/m,4.8,2.0151,1.2,3.7259,1.7,5.9836,4.5155,1.4379,1.0000,2,10,10.562688828735077,5.893545137121266 g cm^-3,2.7880000000000003,1.63,17.2,31.0,2.8,17.2,5.664266652437678,1.7591202361039113,2.0151,-3.0927,clean,1
BaTiO3,P4mm,3.2,1.7236999999999996,1.2,2.2146,1.7,3.1977,1.9662,1.7012,1.0,3,5,13.065419938509256,5.927475120567493 g cm^-3,2.5500000000000003,2.55,20.400000000000002,56.0,3.2,20.4,2.8737695431927293,1.2495433219127474,1.7236999999999996,-2.5507,clean,1
TiO2,I4_1/amd,3.2,2.0629999999999997,1.2,2.5224,1.7,3.5801,2.1153,1.5203,1.0,2,6,11.463995375805872,3.8561390579166384 g cm^-3,2.806666666666666,1.9,12.666666666666666,22.0,2.6666666666666665,12.666666666666666,5.0671655163717615,1.663169454497877,2.0629999999999997,-2.7602,clean,1
AlN,P6_3mc,6.19,4.0536,1.2,5.0023,1.7,6.4296,2.8546,1.6161,1.0,2,4,10.631820461487056,3.200889805888534 g cm^-3,2.325,1.43,10.0,13.0,2.5,10.0,2.517582142338349,1.16877737987808,4.0536,-2.6094,clean,1
CuGaS2,I-42d,2.43,0.7026000000000003,1.2,1.5055,1.7,2.2642,1.5175,1.8093,1.0,3,8,18.568830975179146,4.4131581525773855 g cm^-3,2.2175000000000002,0.77,23.0,31.0,3.5,23.0,3.457086090165821,1.3716660893316053,0.7026000000000003,-4.444,clean,1
SrO,Fm-3m,5.8,3.276,1.2,4.2911,1.7,6.0862,3.5902,1.6203,1.0,2,2,17.2492001283075,4.987595380590411 g cm^-3,2.195,2.49,23.0,38.0,3.5,23.0,2.8790129674499365,1.2506936911740376,3.276,-1.2732,clean,1
MgF2,P4_2/mnm,11.6,6.8163,1.2,8.9966,1.7,11.9001,5.807,1.6483,1.0,2,6,10.819651651535182,3.187243199654242 g cm^-3,3.09,2.67,10.0,12.0,2.333333333333333,10.0,3.3810411326184804,1.3563633299413214,6.8163,-2.0221,clean,1
ZrO2,P2_1/c,5.8,3.5322,1.2,4.2152,1.7,5.258,2.0857,1.9598,1.0,2,12,11.805697110602317,5.777331384412112 g cm^-3,2.7366666666666664,2.11,18.666666666666664,40.0,3.0,18.666666666666668,3.0905796372710497,1.2962663455002388,3.5322,-2.7596,clean,1
LiF,Fm-3m,14.2,8.7161,1.2,10.5114,1.7,13.3792,5.7356,1.8431,1.0,2,2,8.511075602078495,2.530431780406819 g cm^-3,2.48,3.0,6.0,9.0,2.0,6.0,3.7886089473933384,1.4364919647941257,8.7161,-1.4372,clean,1
NaF,Fm-3m,11.5,6.0951,1.2,8.6217,1.7,11.9722,6.7012,1.6295,1.0,2,2,11.944513130031952,2.9186204569056593 g cm^-3,2.455,3.05,10.0,11.0,2.5,10.0,3.8771625818310533,1.4533224602731198,6.0951,-1.0475,clean,1
LiCl,Fm-3m,9.4,6.25,1.2,8.0441,1.7,10.987,5.8858,1.4304,1.0,2,2,16.428175798764034,2.1425657374185354 g cm^-3,2.0700000000000003,2.18,10.0,17.0,2.5,10.0,2.8008938275735122,1.2334449136660701,6.25,-1.6357,clean,1
KBr,Fm-3m,7.4,4.3207,1.2,6.0856,1.7,9.5316,6.892,1.3907,1.0,2,2,35.7589483506493,2.763056203828 g cm^-3,1.89,2.14,27.0,35.0,4.0,27.0,2.804372199390486,1.2342180197878683,4.3207,-0.8929,clean,1
KI,Fm-3m,6.3,3.8513,1.2,5.3133,1.7,8.3841,6.1418,1.3607,1.0,2,2,44.453493500725266,3.1004771845919947 g cm^-3,1.74,1.8400000000000003,36.0,53.0,4.5,36.0,2.8002500146844227,1.2333017665815944,3.8513,-0.9456,clean,1
NaI,Fm-3m,5.9,3.5686999999999998,1.2,5.0905,1.7,8.0878,5.9945,1.335,1.0,2,2,33.34448138830401,3.732330356021594 g cm^-3,1.7950000000000002,1.73,32.0,53.0,4.0,32.0,2.554498216503261,1.1774029244777218,3.5686999999999998,-1.2931,clean,1
RbI,Fm-3m,6.3,3.7765,1.2,5.2586,1.7,8.3485,6.1798,1.3685,1.0,2,2,50.29110896488925,3.506111301340835 g cm^-3,1.74,1.8400000000000003,45.0,53.0,5.0,45.0,2.551444684475706,1.1766918325897628,3.7765,-0.8353,clean,1
SrF2,Fm-3m,11.2,6.7537,1.2,8.8778,1.7,11.523,5.2904,1.6389,1.0,2,3,16.24731508790774,4.279509431150581 g cm^-3,2.9699999999999998,3.0300000000000002,18.666666666666664,38.0,3.0,18.666666666666668,3.4244273477738836,1.3651149037699146,6.7537,-1.229,clean,1
BaF2,Fm-3m,11.0,6.6029,1.2,8.4923,1.7,10.3811,3.7776,1.8638,1.0,2,3,20.108967454161114,4.8259071563612554 g cm^-3,2.95,3.09,24.666666666666664,56.0,3.333333333333333,24.666666666666668,3.232267535977474,1.325919089287723,6.6029,-1.085,clean,1
BaO,Fm-3m,4.1,2.0906000000000002,1.2,3.0129,1.7,4.6048,3.1837,1.5415,1.0,2,2,21.726787602503308,5.859229670745328 g cm^-3,2.165,2.55,32.0,56.0,4.0,32.0,2.669629159577835,1.2039106678148368,2.0906000000000002,-1.3154,clean,1
MgS,Fm-3m,4.5,2.7574,1.2,3.8563,1.7,6.1439,4.5753,1.3407,1.0,2,2,17.665333353085853,2.649386380469598 g cm^-3,1.945,1.27,14.0,16.0,3.0,14.0,2.11420982110531,1.070057259511329,2.7574,-2.2945,clean,1
MgSe,Fm-3m,4.0,1.7609,1.2,2.7075,1.7,4.6645,3.914,1.5302,1.0,2,2,20.429783678846338,4.196705393655253 g cm^-3,1.93,1.2399999999999998,23.0,34.0,3.5,23.0,1.8235116314605189,0.9929176382998306,1.7609,-2.3656,clean,1
CaS,Fm-3m,4.4,2.3766000000000003,1.2,3.1229,1.7,5.3416,4.4375,1.4878,1.0,2,2,23.207028765267186,2.5810342007464775 g cm^-3,1.79,1.58,18.0,20.0,3.5,18.0,2.5193217158864036,1.1691852502634457,2.3766000000000003,-1.8106,clean,1
CaSe,Fm-3m,3.85,2.0764,1.2,2.7386,1.7,4.5702,3.6632,1.5034,1.0,2,2,26.204374410884746,3.7716460296000034 g cm^-3,1.775,1.5499999999999998,27.0,34.0,4.0,27.0,2.3783878498611086,1.1356713464649988,2.0764,-1.8924,clean,1
CaTe,Fm-3m,3.6,1.5526999999999997,1.2,2.132,1.7,3.6578,3.0516,1.6811,1.0,2,2,32.64081143973119,4.265149322703968 g cm^-3,1.55,1.1,36.0,52.0,4.5,36.0,2.3174416843714725,1.120871385412908,1.5526999999999997,-1.9725,clean,1
SrS,Fm-3m,4.3,2.4968000000000004,1.2,3.3991,1.7,5.645,4.4917,1.4006,1.0,2,2,27.653657030425713,3.593405710632723 g cm^-3,1.7650000000000001,1.6300000000000001,27.0,38.0,4.0,27.0,2.419202053583693,1.145476737057925,2.4968000000000004,-1.5037,clean,1
SrSe,Fm-3m,3.8,2.2313,1.2,2.9865,1.7,4.9353,3.8975,1.4087,1.0,2,2,30.950592793244624,4.4686155053967545 g cm^-3,1.75,1.5999999999999999,36.0,38.0,4.5,36.0,2.3574966727255293,1.1306197969068266,2.2313,-1.5927,clean,1
SrTe,Fm-3m,3.4,1.7616,1.2,2.4094,1.7,4.0637,3.3086,1.4994,1.0,2,2,37.79217772326893,4.728243242960959 g cm^-3,1.525,1.1500000000000001,45.0,52.0,5.0,45.0,2.334824947563346,1.1251123140765016,1.7616,-1.6679,clean,1
BaS,Fm-3m,3.9,2.1513,1.2,3.0613,1.7,5.2915,4.4605,1.388,1.0,2,2,33.56310059011856,4.190346371817634 g cm^-3,1.735,1.69,36.0,56.0,4.5,36.0,2.352986622110488,1.1295263191985012,2.1513,-1.221,clean,1
BaSe,Fm-3m,3.6,1.9487999999999999,1.2,2.7273,1.7,4.6484,3.8422,1.4271,1.0,2,2,37.04665630367234,4.847306733348998 g cm^-3,1.72,1.6599999999999997,45.0,56.0,5.0,45.0,2.246396856069159,1.10337123860649,1.9487999999999999,-1.3215,clean,1
CdO,Fm-3m,2.2,0.0,1.2,0.7299,1.7,2.7459,4.032,1.5646,1.0,2,2,13.160850973190975,8.10093838886593 g cm^-3,2.565,1.75,28.0,48.0,3.5,28.0,2.899962516805645,1.2552794496237123,0.0,-2.3546,clean,1
BeO,P6_3mc,10.6,7.463099999999999,1.2,8.9781,1.7,10.754,3.5518,1.6566,1.0,2,4,6.8775573858881955,3.019437475991751 g cm^-3,2.505,1.8699999999999999,6.0,8.0,2.0,6.0,3.068630695929947,1.2916124893854166,7.463099999999999,-2.9098,clean,1
BeS,F-43m,5.5,3.1433,1.2,4.2734,1.7,6.5629,4.579,1.4679,1.0,2,2,14.440360524222232,2.361792329991434 g cm^-3,2.075,1.01,10.0,16.0,2.5,10.0,2.4272397624704105,1.1473979792815159,3.1433,-2.9595,clean,1
BeSe,F-43m,4.0,2.6701,1.2,3.5719,1.7,5.4428,3.7417,1.3144,1.0,2,2,17.252886500828193,4.233530574087789 g cm^-3,2.06,0.9799999999999998,19.0,34.0,3.0,19.0,2.0600586131619556,1.056110018661344,2.6701,-2.9931,clean,1
BeTe,F-43m,2.8,2.0172,1.2,2.7673,1.7,4.0177,2.5009,1.2131,1.0,2,2,22.700254921408447,4.996636953414316 g cm^-3,1.835,0.53,28.0,52.0,3.5,28.0,2.4532517754288286,1.153593886761048,2.0172,-2.9903,clean,1
MgTe,P6_3mc,3.6,2.3611999999999997,1.2,3.4894,1.7,5.4721,3.9654,1.2279,1.0,2,4,33.9296334358211,3.7171664024752915 g cm^-3,1.705,0.79,32.0,52.0,4.0,32.0,2.262113354488613,1.1072661817852918,2.3611999999999997,-1.7581,clean,1
AgBr,Fm-3m,2.7,0.7303999999999999,1.2,1.9527,1.7,3.9298,3.9542,1.389,1.0,2,2,24.19196894072009,6.444350901852379 g cm^-3,2.445,1.03,41.0,47.0,4.5,41.0,2.699119316102445,1.2106080238820518,0.7303999999999999,-3.0691,clean,1
AgGaS2,I-42d,2.7,0.9622000000000002,1.2,2.0163,1.7,3.7105,3.3884,1.4018,1.0,3,8,21.48882029046021,4.669724656821025 g cm^-3,2.225,0.77,27.5,47.0,3.75,27.5,2.8252644364037165,1.2388514935902177,0.9622000000000002,-3.4984,clean,1
AgGaSe2,I-42d,1.8,0.24919999999999987,1.2,1.2803,1.7,3.1388,3.7171,1.3398,1.0,3,8,24.842577653641687,5.60659870575242 g cm^-3,2.21,0.7399999999999998,36.5,47.0,4.25,36.5,3.159936799039304,1.31086461068585,0.24919999999999987,-3.1313,clean,1
CuAlSe2,I-42d,2.7,0.8929,1.2,1.7874,1.7,2.6903,1.8059,1.7054,1.0,3,8,21.570986832206113,4.781385838476708 g cm^-3,2.1525,0.9399999999999997,27.5,34.0,3.75,27.5,3.0117588688638803,1.2794758784535478,0.8929,-3.9519,clean,1
CuInS2,I-42d,1.5,0.0,1.2,0.5949,1.7,1.2631,1.3366,1.8772,1.0,3,8,21.191786307715528,4.750316402887372 g cm^-3,2.21,0.8,27.5,49.0,3.75,27.5,3.4171103396414777,1.36364286943399,0.0,-3.8732,clean,1
ZnGeP2,I-42d,2.3,1.1782000000000004,1.2,1.8788,1.7,3.4039,3.0501,1.3381,1.0,3,8,19.86342363563133,4.179818738428285 g cm^-3,2.01,0.54,23.0,32.0,3.5,23.0,3.2588564260967128,1.331410733223214,1.1782000000000004,-3.5987,clean,1
KTaO3,Pm-3m,3.8,2.0976,1.2,2.8733,1.7,4.2507,2.7549,1.5364,1.0,3,5,12.75092400607338,6.981426041917768 g cm^-3,2.528,2.62,23.200000000000003,73.0,3.2,23.2,3.1092853364439397,1.3002195067222402,2.0976,-2.8013,clean,1
BaZrO3,Pm-3m,5.3,3.0441000000000003,1.2,3.7579,1.7,4.7874,2.059,1.949,1.0,3,5,14.949092648283042,6.143794292287296 g cm^-3,2.508,2.55,24.000000000000004,56.0,3.4000000000000004,24.0,2.8212646994443196,1.2379657625311817,3.0441000000000003,-2.167,clean,1
GeS,Pnma,1.6,1.2368000000000006,1.2,1.588,1.7,2.3914,1.6069,1.2075,1.0,2,8,21.962351447886913,3.9582906999032064 g cm^-3,2.295,0.5700000000000003,24.0,32.0,3.5,24.0,2.456578469281925,1.154383911742723,1.2368000000000006,-3.6996,clean,1
GeSe,Pnma,1.1,0.9017000000000004,1.2,1.2486,1.7,2.021,1.5449,1.1038,1.0,2,8,24.854480153987478,5.0642323021222575 g cm^-3,2.28,0.54,33.0,34.0,4.0,33.0,2.3577444969933086,1.1306798524471757,0.9017000000000004,-3.3833,clean,1
InSe,R3m,1.3,0.5385,1.2,1.2031,1.7,2.8914,3.3766,1.2287,1.0,2,4,30.520962003638815,5.271392481161825 g cm^-3,2.165,0.7699999999999998,41.5,49.0,4.5,41.5,5.699996609357406,1.7646975307475727,0.5385,-2.9409,clean,1
ScN,Fm-3m,0.9,0.0,1.2,0.5942,1.7,2.1813,3.1743,1.2963,1.0,2,2,11.473936086228862,4.266614349207079 g cm^-3,2.2,1.68,14.0,21.0,3.0,14.0,2.7254523286275596,1.2165575216032207,0.0,-2.4758,clean,1
HfO2,P2_1/c,5.8,4.0161999999999995,1.2,4.987,1.7,6.6824,3.3908,1.4398,1.0,2,12,11.376381614199497,10.241243286163224 g cm^-3,2.7266666666666666,2.1399999999999997,29.333333333333332,72.0,3.333333333333333,29.333333333333332,3.0152549562886564,1.280225241738383,4.0161999999999995,-2.9265,clean,1
CsCl,Pm-3m,8.3,4.9883999999999995,1.2,6.3962,1.7,8.157,3.5216,1.7406,1.0,2,2,35.574139066321905,3.9293401598706903 g cm^-3,1.975,2.37,36.0,55.0,4.5,36.0,2.7195847253818224,1.215234333505491,4.9883999999999995,-0.8809,clean,1
CuGaTe2,I-42d,1.23,0.0,1.2,1.0384,1.7,1.9277,1.7786,1.3077,1.0,3,8,27.28621464107444,5.910200069415295 g cm^-3,1.9775,0.29000000000000004,41.0,52.0,4.5,41.0,3.6443974365513703,1.4086564464128462,0.0,-3.4242,clean,1
CuInTe2,I-42d,1.06,0.0,1.2,0.678,1.7,1.7507,2.1454,1.3781,1.0,3,8,30.327401377617768,5.934814121617256 g cm^-3,1.97,0.32000000000000006,45.5,52.0,4.75,45.5,3.2807995068316536,1.3359259849215266,0.0,-3.126,clean,1
AgInSe2,I-42d,1.24,0.0,1.2,0.7963,1.7,2.5634,3.5341,1.3255,1.0,3,8,28.05929113821911,5.63103555411384 g cm^-3,2.2024999999999997,0.7699999999999998,41.0,49.0,4.5,41.0,3.3510158269527985,1.3502739113537614,0.0,-2.7896,clean,1
AgGaTe2,I-42d,1.32,0.0,1.2,1.0824,1.7,2.7736,3.3822,1.2702,1.0,3,8,30.639070831623016,5.86397266443005 g cm^-3,1.985,0.29000000000000004,45.5,52.0,4.75,45.5,3.291169653518337,1.3380546065891672,0.0,-2.9146,clean,1
AgAlS2,I-42d,3.13,0.0,1.2,2.8841,1.7,4.4733,3.1785,1.2774,1.0,3,8,21.179239311390365,3.9002065247623983 g cm^-3,2.175,0.97,23.0,47.0,3.5,23.0,3.0844274593448926,1.294963564510265,0.0,-3.2316,clean,1
AgInTe2,I-42d,1.04,0.0,1.2,0.8343,1.7,2.4838,3.299,1.2624,1.0,3,8,34.04640501914608,5.826963992547574 g cm^-3,1.9775,0.32000000000000006,50.0,52.0,5.0,50.0,3.447302246569727,1.3697067565368977,0.0,-2.6389,clean,1
ZnSiP2,I-42d,2.07,0.0,1.2,2.0964,1.7,3.624,3.0553,1.1914,1.0,3,8,18.876159299976397,3.4185655744558368 g cm^-3,1.9825,0.54,18.5,30.0,3.25,18.5,3.0738409915832063,1.2927187361849788,0.0,-3.5185,clean,1
ZnSnP2,I-42d,1.66,0.0,1.2,1.6055,1.7,3.3842,3.5573,1.2153,1.0,3,8,22.573848490347334,4.525181829974481 g cm^-3,1.9975,0.54,27.5,50.0,3.75,27.5,3.45461565495763,1.371171616786716,0.0,-3.3032,clean,1
CdSiP2,I-42d,2.45,0.0,1.2,2.1089,1.7,3.54,2.8621,1.3192,1.0,3,8,21.22028466774384,3.960434743397925 g cm^-3,1.9925,0.5,23.0,48.0,3.5,23.0,3.080260864564828,1.294080511184841,0.0,-3.2624,clean,1
CdGeP2,I-42d,1.72,0.0,1.2,1.6419,1.7,3.5593,3.8347,1.2204,1.0,3,8,22.476661279884087,4.561961999018174 g cm^-3,2.02,0.5,27.5,48.0,3.75,27.5,3.1089293590323703,1.3001443875511745,0.0,-3.3265,clean,1
LiBr,Fm-3m,7.6,4.9234,1.2,6.4809,1.7,8.9506,4.9394,1.4266,1.0,2,2,20.183425049098314,3.5724738216648584 g cm^-3,1.97,1.98,19.0,35.0,3.0,19.0,2.7767490760502254,1.2280651944774141,4.9234,-1.6995,clean,1
LiI,Fm-3m,6.1,4.2306,1.2,5.3192,1.7,7.1928,3.7471,1.4084,1.0,2,2,26.57503939469249,4.18166138009238 g cm^-3,1.82,1.6800000000000002,28.0,53.0,3.5,28.0,2.320453841828412,1.1216073864304983,4.2306,-1.7188,clean,1
NaBr,Fm-3m,7.1,4.0895,1.2,5.8861,1.7,8.696,5.6199,1.416,1.0,2,2,25.97489495926364,3.2889280951304105 g cm^-3,1.945,2.03,23.0,35.0,3.5,23.0,2.8013699432516064,1.2335507639211474,4.0895,-1.2466,clean,1
RbCl,Fm-3m,8.5,4.8388,1.2,6.733,1.7,10.509,7.552,1.434,1.0,2,2,36.222219693054555,2.771692542119755 g cm^-3,1.99,2.3400000000000003,27.0,37.0,4.0,27.0,2.8756837209626465,1.249963400169024,4.8388,-0.7434,clean,1
RbBr,Fm-3m,7.7,4.192,1.2,5.9089,1.7,9.3518,6.886,1.4601,1.0,2,2,41.276464132167376,3.326427543971202 g cm^-3,1.89,2.14,36.0,37.0,4.5,36.0,2.741877485872219,1.2202539610099796,4.192,-0.7905,clean,1
RbF,Fm-3m,10.3,5.5282,1.2,7.5901,1.7,10.7207,6.2613,1.6328,1.0,2,2,22.333849106778707,3.883571764177513 g cm^-3,2.4,3.16,23.0,37.0,3.5,23.0,3.2781869969900774,1.3353891994196487,5.5282,-0.7748,clean,1
CsBr,Pm-3m,7.3,4.2433,1.2,5.693,1.7,7.7842,4.1823,1.5842,1.0,2,2,40.46837509528745,4.366105728110078 g cm^-3,1.875,2.17,45.0,55.0,5.0,45.0,2.6696413646195505,1.2039134472689434,4.2433,-0.9422,clean,1
KF,Fm-3m,10.9,5.949400000000001,1.2,8.2099,1.7,11.5254,6.631,1.6057,1.0,2,2,18.70275934706695,2.5790805387065614 g cm^-3,2.4,3.16,14.0,19.0,3.0,14.0,3.533927254073046,1.3869590520550592,5.949400000000001,-0.7439,clean,1
AgF,Fm-3m,2.8,0.0,1.2,0.8908,1.7,3.1482,4.5148,1.6229,1.0,2,2,14.903030808495075,7.067923081134459 g cm^-3,2.955,2.05,28.0,47.0,3.5,28.0,3.0911832478908154,1.2963940957928164,0.0,-3.734,clean,1
TlCl,Pm-3m,3.4,2.1811,1.2,2.986,1.7,4.1381,2.3041,1.3797,1.0,2,2,28.255571435254684,7.047416235261281 g cm^-3,2.39,1.54,49.0,81.0,4.5,49.0,2.5888371376638584,1.1853705304366937,2.1811,-2.0269,clean,1
KMgF3,Pm-3m,8.5,6.9536999999999995,1.2,9.1111,1.7,11.899,5.5758,1.0904,1.0,3,5,12.594405692586957,3.1748449848473816 g cm^-3,2.814,3.16,11.600000000000001,19.0,2.6,11.6,3.429557788555936,1.366146107161415,6.9536999999999995,-1.6528,clean,1
MgAl2O4,Fd-3m,7.8,5.1095,1.2,6.7236,1.7,8.7174,3.9876,1.4699,1.0,3,14,9.421263100722586,3.5821359211042227 g cm^-3,2.6128571428571425,2.13,10.0,13.0,2.4285714285714284,10.0,2.7817684512777014,1.2291854869547867,5.1095,-2.4628,clean,1
CaTiO3,Pnma,3.5,2.3053,1.2,2.8437,1.7,3.8449,2.0023,1.5278,1.0,3,20,11.204986884650033,4.02925941391082 g cm^-3,2.572,2.44,13.2,22.0,2.8,13.2,3.162859060164523,1.3114761517919882,2.3053,-2.3683,clean,1
SrZrO3,Pnma,5.4,3.6122,1.2,4.3197,1.7,5.2842,1.929,1.76,1.0,3,20,13.910998301560914,5.415575890210902 g cm^-3,2.52,2.49,20.400000000000002,40.0,3.2,20.4,2.9620545122779838,1.2687746510948066,3.6122,-2.0537,clean,1
BaSnO3,Pm-3m,3.1,0.3730000000000002,1.2,1.9441,1.7,4.1784,4.4686,1.4587,1.0,3,5,14.22725618659581,7.097114448493584 g cm^-3,2.6340000000000003,2.55,26.000000000000004,56.0,3.4000000000000004,26.0,2.8425058169761677,1.2426623942156818,0.3730000000000002,-2.3835,clean,1
LiNbO3,R3c,3.8,3.3358000000000003,1.2,3.8119,1.7,4.4914,1.3591,1.1913,1.0,3,20,10.72655904894241,4.577485851594526 g cm^-3,2.58,2.46,13.600000000000001,41.0,2.5999999999999996,13.6,3.542670403833256,1.388688537655135,3.3358000000000003,-2.3663,clean,1
SnS2,P-3m1,2.2,1.5565000000000002,1.2,2.2695,1.7,4.1116,3.6842,1.1811,1.0,2,3,24.275407719018727,4.169006022492416 g cm^-3,2.373333333333333,0.6200000000000001,27.33333333333333,50.0,3.6666666666666665,27.333333333333332,2.7098466769734886,1.2130351770340941,1.5565000000000002,-2.2519,clean,1
GaS,P6_3/mmc,2.5,2.0036,1.2,2.3387,1.7,3.48,2.2825,1.2707,1.0,2,8,22.383731542273427,3.775575805845145 g cm^-3,2.1950000000000003,0.77,23.5,31.0,3.5,23.5,2.8254268058995105,1.2388874366342966,2.0036,-3.6258,clean,1
GaTe,C2/m,1.7,1.0116,1.2,1.6947,1.7,3.0524,2.7154,1.2019,1.0,2,12,31.78537706536487,5.154297046168303 g cm^-3,1.955,0.29000000000000004,41.5,52.0,4.5,41.5,4.610841530118269,1.5859614508627105,1.0116,-2.9465,clean,1
GaSe,P6_3/mmc,2.0,1.2386999999999997,1.2,1.8933,1.7,3.1672,2.5478,1.2419,1.0,2,8,25.460904713085867,4.848490908345342 g cm^-3,2.1799999999999997,0.7399999999999998,32.5,34.0,4.0,32.5,2.721290942960145,1.2156192452997185,1.2386999999999997,-3.4983,clean,1
Sb2S3,Pnma,1.7,1.2866,1.2,1.7227,1.7,2.5961,1.7468,1.187,1.0,2,20,25.785395598507144,4.375422722175947 g cm^-3,2.368,0.5300000000000002,30.0,51.0,3.8,30.0,2.3780819616012847,1.1355975421695097,1.2866,-2.826,clean,1
CsGeCl3,R3m,3.4,2.1558,1.2,2.6472,1.7,3.5941,1.8938,1.5975,1.0,3,5,32.58505776171515,3.1789388327243446 g cm^-3,2.456,2.37,27.599999999999998,55.0,3.8,27.6,2.827248387946826,1.2392906017336438,2.1558,-3.4871,clean,1
CsGeI3,R3m,1.6,0.9905000000000002,1.2,1.2573,1.7,1.6243,0.7339,1.6669,1.0,3,5,45.01362335792861,4.325382720624435 g cm^-3,2.156,1.87,49.199999999999996,55.0,5.0,49.2,2.5876658036982043,1.1850996212644103,0.9905000000000002,-2.616,clean,1
AgInS2,I-42d,1.9,0.37729999999999997,1.2,1.2499,1.7,2.8922,3.2846,1.3979,1.0,3,8,24.57354733276918,4.845347505024708 g cm^-3,2.2175000000000002,0.8,32.0,49.0,4.0,32.0,3.3120245710543097,1.3423252487660566,0.37729999999999997,-3.139,clean,1
CuAlTe2,I-42d,2.06,1.0469999999999997,1.2,1.8836,1.7,2.2941,0.8211,1.4149,1.0,3,8,27.339099729395024,5.249753008760315 g cm^-3,1.9275,0.49,36.5,52.0,4.25,36.5,2.915314573935454,1.2586294353139265,1.0469999999999997,-3.4949,clean,1
SnSe2,P-3m1,1.0,0.6878000000000002,1.2,1.2721,1.7,2.8562,3.1682,1.1141,1.0,2,3,27.635683526817726,5.540601417822709 g cm^-3,2.353333333333333,0.5899999999999999,39.33333333333333,50.0,4.333333333333333,39.333333333333336,2.5607541256931365,1.1788584445131438,0.6878000000000002,-2.2916,clean,1
CaZrO3,Pnma,5.7,3.8260000000000005,1.2,4.5908,1.7,5.5797,1.9778,1.7608,1.0,3,20,12.936325039318259,4.603084505750543 g cm^-3,2.5300000000000002,2.44,16.8,40.0,3.0,16.8,3.0694925151571737,1.2917955351066028,3.8260000000000005,-1.9924,clean,1
SrSnO3,Pnma,4.1,1.7406000000000001,1.2,2.9638,1.7,4.9388,3.9499,1.4877,1.0,3,20,13.31087499698159,6.345516909051056 g cm^-3,2.646,2.49,22.400000000000002,50.0,3.2,22.4,2.998451517544641,1.2766195492931325,1.7406000000000001,-2.3652,clean,1
NaTaO3,Pnma,4.0,2.5925999999999996,1.2,3.4624,1.7,4.794,2.6631,1.4019,1.0,3,20,11.70305179928378,7.149405594053545 g cm^-3,2.5500000000000003,2.51,21.6,73.0,3.0,21.6,3.2485546395811125,1.3292856802367141,2.5925999999999996,-2.6773,clean,1
BaHfO3,Pm-3m,6.0,3.5394,1.2,4.4709,1.7,6.0086,3.0754,1.6972,1.0,3,5,14.500639186163061,8.332451347377436 g cm^-3,2.5020000000000002,2.55,30.400000000000002,72.0,3.6000000000000005,30.4,2.7822252591230687,1.2292873933504953,3.5394,-2.2795,clean,1
SrHfO3,Pnma,6.1,4.1684,1.2,5.0987,1.7,6.6869,3.1764,1.5152,1.0,3,20,13.545607769744496,7.701226052099758 g cm^-3,2.5140000000000002,2.49,26.8,72.0,3.4000000000000004,26.8,2.922582590537072,1.260212318904165,4.1684,-2.1776,clean,1
CaSnO3,Pnma,4.4,2.3327,1.2,3.5814,1.7,5.6096,4.0564,1.4018,1.0,3,20,12.440285609619917,5.520396786842774 g cm^-3,2.656,2.44,18.8,50.0,3.0,18.8,3.122225598869599,1.3029472772921533,2.3327,-2.1801,clean,1
